X1,X2,X3,X4,X5,X6,X7,X8,X9,X10,X11,X12,language
7.071475632798459,-6.51289966399678,7.65079980498752,11.150783200729101,-7.657312340580679,12.4840205599929,-11.7097718857424,3.42659638843557,1.4627152025217198,-2.81275273412956,0.866537751632946,-5.24427382038509,ES
10.9829671733676,-5.15744504970454,3.95206022055212,11.5293811273129,-7.63804669170403,12.1360978188533,-12.0362473181582,3.49194278632722,0.595440752357685,-4.508810993518019,2.3321470104569597,-6.221857412048419,ES
7.8271083637211705,-5.4774719375507,7.81625728354177,9.187591834469279,-7.172510588636731,11.715299393634501,-13.8472137647846,4.57407482690652,-1.68755928601376,-7.20404059404916,-0.0118469028342711,-6.463144030411169,ES
6.74408266350702,-5.68892029059513,6.54678865900131,9.00018318158033,-6.92496340078943,11.710765707177998,-12.3743884463117,6.16987885877346,-0.544746654449008,-6.019237001226781,1.35855949477968,-6.3564413080451105,ES
5.83684250980682,-5.32655674992234,7.4722647123844,8.84743979530141,-6.77324443641384,12.6772177022118,-12.3150606993062,4.4163440102701506,0.193499859703288,-3.6448119000719,2.15123861667119,-6.816309769463179,ES
6.26708877521173,-4.22773802771982,7.22774080341415,10.0694181264418,-6.95387058136825,9.38477050978184,-15.3415381099221,6.71853321639703,-0.450951561924955,-7.17758524476969,2.53871288959457,-3.55053616672548,ES
10.421390959921,-4.26105285733239,7.47247218031419,9.17296126288463,-7.4190834347817995,11.388771774472302,-14.5089586423527,6.55709310237008,0.0141102660405277,-8.55991015751888,2.5964145600032,-4.76350834189944,ES
8.78729307194009,-5.52466662162611,8.75221532378824,10.001286136164,-8.81064703237427,11.891619034404199,-13.2654905516799,6.96857834987611,0.9030846133825241,-5.96950802128757,1.7605071163970398,-6.10170631078892,ES
6.75466873114216,-4.6215686833778,10.172624628856699,14.3119377323524,-7.4855122290242395,10.1260991877187,-12.3354028244226,5.02238012418246,-0.454546815549509,-9.487128666258288,1.31320337433791,-3.9717618514928597,ES
9.803576774970608,-4.4856051710149805,9.09275348349136,12.236940063672,-9.27652350981552,9.972296239442539,-14.003346404956801,6.09932943738871,-0.420891712411646,-9.93510576486665,2.55685070282917,-5.88719697038317,ES
9.60711502309408,-5.85641387135075,6.80457786115856,13.3180682534306,-8.35642437660256,9.99929017254446,-13.6495874852574,3.19067412531358,1.09363044059041,-8.62870868522816,0.903910468802654,-3.5724721008330094,ES
10.148804489991301,-3.63341078188998,5.47040480335797,11.2640794476089,-6.624554949093269,12.2517509013132,-12.3466338850316,6.7348227204707,1.2644926983283797,-6.930236071076441,2.98263625348679,-5.512446988964349,ES
7.59876258042393,-9.12325171417236,8.85736327441057,10.440620529860599,-8.513083827347781,12.140178576528301,-14.739479916958,4.68215171361502,1.21375694716853,-5.518448345890059,2.27632531403718,-4.3310242043796405,ES
7.0779731616042305,-7.2654773978702805,9.474135669596109,9.06840093588605,-8.41768408244701,12.104568761162698,-13.2729391752409,3.46232708058393,-1.22524714354835,-5.04044415966783,2.29165310062844,-5.8472394671078805,ES
13.7446056533884,-9.93853120954556,3.06895128641088,13.7950414597551,-6.00746316595853,14.317395467195402,-9.658241496892261,0.3023051329597,1.69964726080244,-10.9902898663939,5.38106302949641,0.124498467742293,ES
6.74561969385956,-7.22585618104303,6.2044416381435505,9.433958381083789,-7.910076223967559,10.204280829117199,-8.56682216290798,8.70970176048696,-2.46377672777623,-8.77012244788327,5.42840391396645,-1.6473475249040601,ES
10.2246845645213,-5.846953698129981,1.5793298086771599,11.0731923435045,-6.740058643292531,13.6003070141324,-8.34854582061808,4.25603340785316,-1.07625328871071,-7.46205016456774,4.02493833510355,-0.6366343020026579,ES
11.2634666594647,-6.017981709933139,-0.7262618052784949,11.959800326905501,-5.66723477633579,12.318474653559502,-7.89212148561216,4.1311747155222704,-0.672802272230964,-9.21564500867383,4.77087440819757,-0.822529736503121,ES
7.88681074073994,-2.59299913409802,0.26165458716170004,12.9321290721395,-4.10891489784892,11.814133784350199,-8.90404184147703,6.176519422343099,1.5597317153879198,-7.81231253058439,4.31789302372964,-1.10853232715802,ES
12.4402959739334,-4.705409560444299,3.6277219602403394,11.877671878029801,-9.409796670577949,10.4410476032586,-8.150372437997909,9.49296359354831,-0.0812458667119829,-9.73650389787347,3.25266794905447,-5.9665811542361,ES
12.280757858257301,-2.4375583613392404,3.17593384167795,13.4736013688939,-9.478259534709778,9.74375516561345,-8.10007823784827,9.033167953269132,3.8667585536617595,-8.98737045510488,3.85040501435081,-2.7026330638875495,ES
8.27883921430414,-3.5443238152345096,0.0435133685938745,9.99612143062649,-6.32804534650524,10.0438652696008,-9.99287777660177,8.43068352702309,0.8937737788515819,-9.86116216271611,3.178046362767,-4.690954490451269,ES
13.658291587973899,-4.33051908548873,1.2233406449344,10.791270065113899,-8.53318115178972,10.5621197248051,-8.426623714952491,7.143288727356781,-2.1064085145526104,-11.0854309451231,6.56965775469803,-4.29440057302424,ES
13.6332752451207,-8.48093003111071,1.64942626091693,12.059233594564303,-7.62231388493713,13.4735446268608,-8.33723112495228,3.6717563183910604,-2.93749396511773,-8.12195932556812,9.16606569845217,-2.1916579875364803,ES
13.6732903866692,-9.32946127719533,-0.00807312136432179,6.9513905187757095,-9.59055122050441,12.8697203205487,-9.072661054285561,3.6200283493402403,-1.7723381879358,-9.8688670983618,6.307046227353519,-0.387155430611981,ES
10.5570611926105,-7.3030965513528505,0.00807956055404523,13.6533112738127,-4.46330808330006,12.464099823183698,-9.815876748726929,1.8735574146966298,-1.34583371946699,-8.634074911265559,5.30251530639689,-5.3056001898703204,ES
11.9577639042905,-6.77419928131639,-1.31782619947844,11.190436177365598,-8.47479039631266,13.391762822718801,-7.7936628186005,0.7364886408207559,0.192353035727197,-10.0366886274105,3.16970330423841,-2.2557940830977903,ES
10.1764164505585,-8.272812900681549,5.81041911673252,7.39471326418355,-11.5861272749868,10.0511423627536,-7.98937004846645,9.56775717078702,-3.1674436221815196,-11.4291779354165,7.31659196982599,-2.58256622714322,ES
14.796961335657198,-4.55037150731251,1.19371171276837,11.277372141551599,-11.5973050670981,11.4965439566643,-8.32699681786584,4.80778627514503,3.4316196370787595,-9.10093453586248,5.738491167475621,1.07962171061481,ES
-2.3396948350564,0.9653673603442141,2.7922814558978795,1.1999509675848101,-9.31200560677518,7.9297523869569195,-10.1328145907434,6.771939280429491,-3.66447750882881,-2.81651238853716,1.6776310436435602,-4.826323510260799,FR
2.2869842062857897,-4.9073495401098,-1.1295052078164298,2.71391202071021,-10.952139797749501,6.3616578206357,-9.9130773754484,4.6850231197898795,-2.79146025619984,-2.02699838658517,6.08286966442198,-4.81451079991844,FR
0.265926028066104,-2.62620528389057,0.607482920186334,1.68914239998224,-9.649365426431029,8.153231417850161,-10.0282975776517,5.254551539016349,-1.1319378050814601,-1.30183982874787,2.0559421201540102,-3.2824678724013903,FR
2.36883336759127,-7.266768786326691,4.8818577168886605,6.971360789644691,-10.031852317040599,8.64997321731422,-12.0855127440153,5.67991044548529,-0.5373399381551971,-2.77727391909656,2.35363047338511,-3.8203789317244703,FR
4.3902340193155,-6.96521098115422,-1.53632660472687,2.74642895437374,-9.6787385909435,9.69945639006709,-9.57629356144116,6.12682451508636,-2.7474518018051897,-1.23719146357204,5.298370077920009,-3.86957007864598,FR
1.51589664359259,-2.52914781174663,-1.42727163151919,4.588245431847401,-8.66469164104561,7.338897328633339,-9.540743806317028,4.70170033904535,-3.07761136009774,-0.844468366873563,4.99231016189745,-3.61218916032389,FR
-1.2720375648051299,0.648213544152368,1.39098310930469,5.55459063857649,-7.9850961934593,7.93562951352108,-8.823007527272178,6.82901634293707,-1.70532197643527,-1.03678340330951,2.68025282019252,-6.39965015512249,FR
0.547574930899468,-1.77938081675947,2.8056314469373302,3.5324277876542203,-9.348983444340869,9.2816542346159,-9.93361199693794,6.93692247119121,-1.4305315388942599,-2.37579195544176,0.35608257590162107,-6.67672973973791,FR
1.88375851284733,2.7042470811496604,-0.951695629197405,6.6494281334752,-9.46832894445865,8.84875488535784,-8.22154230449824,6.89325488938789,0.130256248095143,-2.3303616037570496,1.1165582993830199,-4.02605658936414,FR
5.38504663885535,-11.4836282892991,8.3423793168038,5.159618307645459,-9.797843014533722,9.70683923957327,-12.976586858873,5.55071042649835,-2.15644739683229,-2.72145083517897,3.4120696874748098,-6.087524706899769,FR
3.45414292331132,-4.830971809488941,4.35305138807344,7.15438170834465,-8.30125729639899,8.88197332521685,-10.5596031424041,8.77908369117962,0.0036703129853680704,-2.22501205832388,1.26899886446061,-8.33925937056972,FR
3.35177500580806,-4.941082790205719,4.88364405246236,8.921826975915401,-9.49966517932172,8.60331750611623,-10.351936456657901,5.4304976090394295,-1.86147581031314,-2.84787968517903,2.56942434366988,-5.34437961690196,FR
2.88782858166148,0.10206799425181098,1.89493903415757,5.10668304029269,-9.69830555215933,7.35521362187304,-9.48157486622024,8.663068850752861,-1.2220459472428702,-3.03647181133119,1.5580388507216498,-6.00790694196291,FR
-0.791620839488746,1.3037876536055901,-1.79122853180408,6.22735454789889,-9.60293126672978,8.60284785933524,-7.7274154042322,6.43667713557127,-0.0551869588067022,0.48652978581410294,1.6981096851069999,-1.76152788229147,FR
3.67912970192272,-5.75966462348371,0.884240656575691,4.59362653338975,-10.7883105096859,7.38193609443048,-9.56668770825378,2.83040139960223,-1.5321238773171202,-0.550986855910496,4.4210483046475195,-3.55456778419523,FR
11.9270534970486,-10.773459838561099,6.57588779418725,8.1535763376973,-5.505326051974441,14.2959712305289,-11.396879281496101,4.59326632202356,0.000701426189517576,-5.430001601270241,4.8723160362951505,-7.151153542065329,FR
11.5018966596278,-3.7138637030055803,2.56838429521942,11.5173103695242,-6.7866695819336,12.3149112595603,-6.956871318176381,7.22004764932205,1.1004969238439,-5.30838302608454,6.03353567901668,-7.4382338887264,FR
6.86809447240889,-10.0514779103845,7.71108370566771,8.88866926595291,-5.47224592644407,14.502432343859198,-8.30620712492071,6.3459020626137805,3.40114959926336,-2.480285664281,3.9159664112520898,-4.97698585701982,FR
11.937827713833899,-9.070287444867141,4.773990642388269,9.833400291954119,-7.773159293468809,11.984824872262301,-9.258848463810901,6.58893084305831,2.9998791988831197,-5.4984157857992,4.12630063759105,-2.8773105597564603,FR
9.98576000305366,-8.976570322353739,6.12298161639622,8.8329820402753,-7.740966473716941,14.272082061681399,-6.83878978224668,8.25520494161424,1.91314823895768,-4.204403971751891,3.74803589210054,-5.38251590720412,FR
13.885425259920302,-6.2338523216227495,2.2297764270900697,10.9937701734147,-8.10762457961193,12.4530294235085,-5.309755409764111,7.43152426122916,0.767271447813835,-4.33392046430027,5.3372837864922,-9.61495911823464,FR
13.466167879687099,-5.78348727149863,0.693888916219023,8.24025162557825,-8.62591934641328,14.288253984133199,-6.65136859677342,7.38766612043362,2.74208632071065,-5.0901798835476795,4.722492992961549,-3.6247828338647503,FR
13.924038583045,-7.13652073990071,5.24537191931097,14.060493915683699,-6.6928970900376905,12.8618259241513,-6.73649371347216,4.85977404802117,2.87293797964034,-6.697694821652959,4.61556089239851,-5.1277093864324,FR
11.010367332571,-7.384442994902201,1.9174929325465802,14.1378569911569,-7.5627755971222905,8.67480171630867,-7.466132771661849,6.90911201520103,1.7647717171177097,-3.51648510080827,8.48525641992004,-7.84163255195706,FR
15.1957171779961,-6.538509611933531,0.864829093594187,15.1674210969655,-8.6241222110959,11.0537949150072,-6.124841488387211,4.91456902673405,0.596662308898698,-7.3892903019511,5.953790016149861,-7.21554290401337,FR
8.12227665708908,-9.263559925619859,4.95537886535378,12.580821114422701,-6.22810681894305,14.0684216691456,-7.87250108032003,7.151342103619091,0.802141959458583,-4.35733982842488,3.3421785095233303,-6.6602460877962395,FR
11.436625440956302,-1.8561879592409598,1.52248157536591,13.451522459084499,-4.5323813228351195,14.851000200738001,-6.92141706868662,5.705517149237,2.15322420902406,-6.03001859270429,4.67446833409653,-5.71911919408854,FR
13.1659518828032,-6.29188313964019,-0.21317822494429503,10.1291649392967,-12.908842129411399,9.13908085721591,-3.8847753421108995,5.61408921255633,0.561419149478005,-7.2355645541106,2.25162961791153,-8.73472482176072,FR
9.4427682807975,-8.859284091900221,7.3702412475012995,10.453415136635,-6.544900260232019,14.157989862383802,-8.82573421649464,6.007590600404559,0.497794071790511,-3.6971701797582996,4.43754700822763,-5.30907667869445,FR
11.5816105481032,-6.134168056040941,1.89972757017654,16.1789422990942,-6.15105380490858,14.739493973867303,-4.50130813650667,5.508022494109451,1.42805182715915,-6.123260616812449,4.64550705325002,-5.723536522725119,FR
-2.8808226912033397,2.4071360928514998,-0.8173249422262429,3.1766726769035296,-4.951862547313531,10.1084415973097,-12.873075145401302,6.805537975603349,-1.61893606757525,-1.8046933515206498,4.21998865342458,-4.77744243841872,GE
4.24061538558748,-0.0944471432905868,-1.36482718241683,4.950463993568889,-6.54375354593301,9.74385392892741,-12.286012430805302,4.8154655351888795,-0.127633603346039,-1.96814252704508,4.12758158735091,-7.77146848556862,GE
5.648965904471639,-3.1869323302885495,-0.139520814857182,-0.7252399083042959,-7.262020549834321,11.693687812912,-12.767168727421698,8.61349104902953,-0.36216124241551295,-3.4590274227187097,5.87419451899503,-5.873320568636889,GE
4.02568271802,0.356352236676717,2.12390285123448,2.67127818161813,-7.138005891503191,11.893705440415001,-11.243105883280801,8.0755798938444,-0.24357268068753696,-4.71004000194342,4.1846364414995305,-5.67787602216532,GE
2.41934338464583,-2.09989230865858,2.8755092336779,4.739944289346379,-6.68900647374575,10.3490851983229,-12.738915363812001,6.41313862069224,-0.577457444473138,-4.680488684580981,4.17405375010854,-5.94664314722039,GE
1.69945286798116,0.647670725135208,1.33215170703557,3.54216058231511,-4.32031821729467,10.5817737002661,-14.030279774608099,6.81956776101437,-1.7478052265096498,-3.30051558397913,5.20936921812656,-6.9466792048379,GE
2.48510232416953,3.5051187543215603,0.11123716098070599,3.8567223313400696,-5.93310062331295,10.887638836588499,-11.590680442613301,8.10016049883417,-0.267677165061805,-5.33704241039623,3.7996568891095204,-5.3569139663649805,GE
-2.8639100045004904,1.6084251662926001,-1.57542273255904,4.48097439468168,-4.044909726582399,9.85465202376369,-12.4308102915286,7.22818795470044,-1.7956289239611298,-1.80188281739452,3.6818541637146,-5.80492814113229,GE
1.9178042689910901,-2.9164444249991,2.32821860209552,3.68335241755268,-6.599977409065139,11.6248119390136,-12.170799305241001,6.50210491687984,-2.02933800585038,-3.0481136580739303,3.76447981172341,-6.62306102771718,GE
2.3745025930595096,3.52673605177414,-4.77698008465031,4.303826485448569,-4.15895327718394,11.551527197549902,-10.4210665564228,5.407983722458071,-1.34927290718918,-4.14745901126138,4.14672497124527,-4.91146503114664,GE
7.43126213766026,-3.71109992576253,-0.36016792022825705,3.8691336671197796,-8.228539237545661,10.6361916959449,-13.482686333574,4.4171150190870705,0.6228081266074069,-1.4343038757333502,5.3172092186184905,-8.69770923791321,GE
2.73137367901385,-0.569399803476907,2.2488300803843195,5.4827219236227505,-6.3672440437361395,9.24032680975559,-13.832780063649,6.290854257223951,0.721021412341402,-3.32185418186392,2.55431809493425,-9.162162744140359,GE
3.57087084134103,0.8760381569796031,0.8611727646818921,3.5662044879302504,-7.7969337646997,11.983973112535,-11.114653484536,6.24521286079226,-0.303953585444884,-2.91186031189533,3.67560704630037,-5.10582363165876,GE
6.13159079149299,-1.1722696373109298,1.2869143488240902,3.7710939563844,-7.4658490125335994,12.5799569686747,-12.4727236471432,5.51171818843863,0.626019232778069,-3.14506212854061,5.371699084980871,-6.158564725249669,GE
5.81889057269655,-2.47924600343052,2.08760507661422,3.9115869325741297,-6.98819198069203,10.437127725292902,-13.755027946470802,5.922611371004041,0.7142053228026891,-1.5180994309067402,4.627938290504329,-8.77574789033233,GE
5.26000709512911,-4.8093732401230405,3.7457314558802004,4.5572933603031105,-5.85354670451316,13.670204324490301,-10.8628485860845,2.7950472517924907,1.53521050798265,-1.14786836118129,5.152335290716049,-1.85366784875226,GE
7.26630458002456,-2.22607803186209,1.1698514884283302,4.7771303594612995,-9.52638582959566,10.5326680691092,-10.750208141839199,5.093525243238759,0.41679628525269,-3.7147953164299907,5.202507242794559,-2.3655546239841403,GE
7.03155842082579,-0.0668282870610238,-0.591358448685288,8.5331700785737,-5.8980104524426995,11.152171738054099,-9.896878613037769,4.69116818738246,1.3468678491875201,-0.448675900624805,1.41925932521099,-5.57035354871629,GE
6.3525813179994906,1.3718609340809398,-2.2229227528510203,6.04120133605736,-8.61757264267784,9.7192590117294,-10.3258688411532,5.70214929102237,1.22922673357814,-4.14128844064298,2.9263943887577404,-5.4064593748255,GE
0.942360343693847,-0.518286592577515,-1.59318018724947,4.22267802677334,-5.481754733428731,10.4826706957266,-10.6989428659433,5.52438244307525,1.28339570570977,-2.06774101523904,2.4054119002369503,-3.2868855337417595,GE
7.974354916323691,-4.23720446470456,0.9460031202969499,8.60020756591553,-5.4700760875756105,11.5248996894903,-11.350359321153,3.5084746622133602,0.21827481019569003,-1.0671978438857501,3.6703031826804797,-6.6858599121556,GE
4.98778411116983,-3.34009271191587,-0.770060530039487,6.482683112363611,-7.40928286772689,11.8492022838149,-9.01207244087979,3.40654858558932,-1.18704681295528,-3.6059919910825697,4.32128364177421,-3.0171017544718906,GE
7.3501612909219505,-3.49152884569628,2.48249313821848,6.17983197523451,-7.262913611247249,11.8475749510341,-10.327845248808499,4.18491648205643,0.28914950241352505,-4.3832359283547095,5.08041166638567,-4.75875369744616,GE
1.6492632269694099,-0.700864894194629,-1.88740922261164,3.41383398192102,-6.86850364953065,10.7145676022088,-11.0946979524396,6.6173184628113795,-0.46400277809887996,-2.19967547267243,3.4121443315819002,-3.24526902154311,GE
-2.02046103468267,1.11129792729373,-2.10706388991591,6.89653901926584,-3.377758586395,10.6843335222734,-10.489573333583198,5.18449729306791,-2.24489738772841,-1.70459016719773,3.56567799762725,-2.52999426425657,GE
6.12115573929412,-2.9353787854478903,0.0053073083078337,6.86638693805452,-6.24467672656143,12.767512083946302,-10.152214934052001,4.50817811375624,0.718448882030191,-3.3982190405250496,3.10145060628524,-2.9675352687837897,GE
2.49582976781483,-1.87559844190871,1.9826686981552601,6.6529360357100495,-6.108521100923411,12.422083504156499,-9.26129961542014,5.13699470836025,-0.108626304543461,-1.12319323267449,3.36776974239169,-1.50467183239088,GE
2.3565405094606198,-1.8364591285427099,1.54236646829671,6.13189913834075,-6.83127256275155,11.3402062206544,-10.4482098424275,5.14191457400649,-0.9352255296699821,-1.4678174125616301,4.23172207733613,-3.58237412290082,GE
7.018886055549131,-2.5972462922510897,1.88307629751003,6.00078071900557,-6.04750873601283,12.5736123190741,-10.785588231110498,4.49704061237747,0.589480367563785,-2.02105274535131,2.64661345011406,-4.738374452733099,GE
5.60378576285388,-11.0240267879974,6.38360549609846,2.72559875396752,-8.73131837466912,12.2326239316342,-8.59581733045645,4.01485366627051,-3.5084260574972497,-4.05015872260656,5.36802080714725,-3.7162405889278705,GE
-1.89239592138807,-3.4832934250775405,5.14479585951116,7.246320564561599,-7.19890958508634,8.62276169400948,-11.378867452521,3.7477579044158302,0.37940618673479704,-1.6594322008865703,0.59626541277815,-2.19669541004032,IT
2.69346377543836,-5.052709659666901,3.02102581331357,6.26216358549976,-9.99874875644545,8.518217326928589,-11.358028369621598,1.4704427304067298,1.3101297593642098,-3.64237129797346,-0.8394155996889471,0.463407829147764,IT
2.71809939094791,-5.8379855761457,3.8225937114919297,7.2219685788237795,-10.1330671667395,9.32962268803475,-12.263201154476302,1.70465663501843,0.170310818913862,-3.8035330057821697,-0.6823182980137821,-2.3619430370483596,IT
5.001142983583111,-4.33184366631635,4.76126352884783,4.15663932294065,-11.015759789848401,10.558650306,-10.969350570158902,4.2599040775192005,-0.7986649451276091,-5.80890214702992,-1.3869958407547802,-3.8629588366517402,IT
0.696452641591222,-3.49918756063516,1.60366017009338,4.6895025898234,-8.44812136566121,10.876441859592099,-10.623479129893802,2.48563708599958,-1.68922568437805,-2.1425296729525303,1.75417430415341,-4.477096263509231,IT
4.83392573346657,-6.220445264251519,6.431300086479571,4.86232061773717,-11.955694354268301,10.895699905737601,-11.177470234707698,1.9994189352968001,-1.9320369059580902,-2.90520944000617,-1.6068301992991798,-5.6486634464386,IT
0.9875137946691391,-3.1703462444793,3.4747241410982994,4.7582309495515,-8.81566523921115,10.6516999426179,-10.976912340518599,4.21400300807656,-2.45768599712843,-3.66384562182625,-1.04526067182032,-5.36323016404067,IT
1.1675920703265101,-1.30431827298077,0.6392787495500379,5.7653700945070305,-8.66779338048002,8.8743321604035,-11.6430342042771,3.6932319363575603,-0.8787488015931391,-3.1637805864437403,2.2308359037875696,-0.5965418494572049,IT
5.777123369153559,1.74934128314156,1.84406556210316,11.297983154981,-9.90638935970136,7.948936063677759,-8.28345056224614,2.65975582568285,0.15217241407009302,-3.89726456328555,-0.9145255680747192,-2.92387155662063,IT
1.5874816985099798,0.0054611724897944604,-1.37370216119175,2.16798060689537,-11.6280417992599,11.474254186057902,-7.9980890019126,5.75985089368138,-0.733238227803793,-3.0758575875577403,3.09265899141867,-1.5226183685381298,IT
-1.27066317056326,-0.781674333869756,1.67363821234604,7.5715203640552,-8.54987720333068,8.1743952066988,-10.893478167462199,5.11962983163479,-0.324351432857959,-3.81339150588776,-0.6114992070128471,-0.5602098849278321,IT
-4.835242263584,1.5070481995653302,-0.12908947396630402,2.5506846050486804,-7.169083291846861,10.9997495033812,-9.27824183556416,5.90636902872968,-2.40416845650741,-1.05533385010697,-0.31169115729743296,-3.1240077138635294,IT
2.4623733007417203,-0.401984416571633,-1.3154200103841398,7.0963873858521795,-9.70877902125397,7.50163109915614,-9.61004352162157,2.7215993970588,0.608330904805994,-4.75126444413687,0.583645221806482,-1.78714128706662,IT
3.3115911216806095,0.134005404237274,-0.152898143890899,7.56021066688414,-10.5777799888377,6.859595987140991,-10.0275576866134,2.05001160011803,-0.680482991686425,-2.61135148782929,0.422836203693513,-2.91788068288865,IT
3.7870536264335297,-0.9614300064180459,-1.02547979240623,7.71192334493037,-10.5834432635799,8.57390202569205,-9.118101090136811,1.02023388283662,0.03886604604673,-5.260792097132191,0.40779580257876097,0.22758803126166696,IT
10.808621354919698,-8.28368932596671,0.200663097710329,11.3312171516679,-4.2636013905875405,14.1561269417891,-12.001035677644401,2.5928758058036,-3.5997609131950896,-2.11224320194294,7.452259215873309,-8.7317849517306,IT
-0.7187437454591079,0.8271856137058309,-1.63938546881161,7.281519363092901,-3.6141310596188396,11.5626303196825,-10.305142572814999,6.61168313753798,-0.843088694881874,-0.88852368401104,4.4100746062329295,-4.40142567545588,IT
0.15607570896270198,-1.20543633711831,-0.37124261224527294,5.21692493754408,-4.39939090729677,10.5043259267469,-9.745647271580241,6.66079712605298,-1.7490821822696598,-3.32771803699804,5.752471493792031,-3.1068936437689705,IT
-3.9958522327329,0.944183633920351,-0.40283853749507703,9.502629061107061,-2.46296659045557,10.7344337300139,-9.78883748267551,6.22816398168688,-0.200593431298348,0.7072085973926509,3.51309628279032,-2.793769596733,IT
3.2398608170724703,-2.4946028893400003,2.12033736243897,7.51523746857268,-4.82525049481897,13.637849784224699,-9.3825261690685,5.280039955388901,-0.700377229193009,-2.04367974073709,4.3761771201509605,-1.7971584952133102,IT
0.9068460478260658,1.36989679095878,-1.77543905574132,8.23509674037382,-5.219311478098611,12.414068795718501,-7.73905012210424,6.45963532370741,-0.314050382600184,-1.22639736912401,2.31182910049493,-4.506858666595,IT
-1.59182530669606,3.14705895677573,-1.31676068709959,8.47927024514345,-3.23269681355791,11.212137096040498,-9.01592631660022,6.19451150764495,-2.03173881236596,-0.37049921890592796,5.24346515946592,-3.9537374616540295,IT
-3.76331338434888,-2.39078549255156,1.25530583464853,3.7079468655115497,-2.490522508439,11.274784137307,-11.631494294479301,3.2677528831664597,-1.62415469651814,-1.17698786602968,3.3844107705207,-4.53577210372166,IT
1.80460566490746,-6.3032178581994405,5.06158434851286,9.114858258756641,-4.33039054565759,12.5999862887591,-11.186287880510001,6.409368885825669,0.0440047508228348,-0.7667844986993081,5.40224085620563,-7.171191646969639,IT
0.70040596225151,0.548788352923554,0.35957868621855604,5.8827862195871194,-5.04608879924454,11.649433303225301,-11.346227375155499,7.6790661876483295,-1.58089667013157,-3.7134982053072103,4.3719376104451095,-5.11357879389237,IT
-1.11495927550127,0.0101916960997823,0.30023637252154195,8.792059405362691,-3.10689666860173,11.6511043156844,-9.967622427486539,7.048895352782309,-0.663684639859438,-1.0486627371034,3.9813897978278,-5.17270408449374,IT
-3.2505065972953497,-0.37382441107110403,-1.00400430797675,6.72149360257299,-3.0660060617442,11.051991664261301,-11.304127430496301,5.86598933529742,-0.9952399909356271,-2.0551924039449703,3.64476320160836,-4.18723383069803,IT
4.529726448107639,-4.08102670886225,-0.28045559576882106,8.68402839922878,-4.71218623356547,13.828990385808801,-10.0000767139085,5.328037000164451,-0.5036930133351141,-1.54404548605584,4.336911134425169,-5.662285240621389,IT
-2.89940273136389,2.18339778436824,-3.7533543928916098,5.03647555075156,-3.33041404094217,8.73702846962674,-10.954552341281,4.84310309810802,-3.0157221018134397,-3.3587763934486903,4.80898890696211,-3.6082353905570494,IT
4.095690170641181,-4.96949196266639,4.01353705550251,9.329499053887131,-3.9879533614458,13.815961018902499,-12.6239124031595,5.175934117447089,-0.16927782312516,-2.1753283324349098,5.18036471956629,-6.63601999741942,IT
1.5401490558646398,-7.160007332469809,3.7787725736513598,6.71880997459678,-9.34731975718816,8.090564435717809,-11.7754730729229,3.1181718202449797,-0.35732985881067997,-4.25142116860941,-0.937370483445707,-5.7123514725904405,UK
3.9769450882137103,-3.00040928763501,0.0320005073243136,9.45265698907504,-8.13235949655311,10.1511623515132,-9.986733434244302,1.35563039954272,-0.373629626376878,-3.75276932711675,1.3761268658088601,-4.72870940646695,UK
2.91493663292701,-4.1912638425338296,3.4978285452683697,10.3748311655536,-6.313394166243651,10.0328901694318,-10.618604047189699,4.82322255333929,1.17493014276174,-3.97905856208238,1.87673817996829,-4.4666746533979005,UK
4.91552307342811,-1.23562376751658,0.599622438678936,7.39218352727772,-6.94079556839221,12.2070714247896,-9.47230569494007,4.5918759949594,1.3696644737481,-4.56381364271959,2.4025447405650295,-4.857424584914179,UK
6.360545182916759,-0.0775132419970432,0.7269704062515201,8.23398608896135,-9.05096532337354,11.7004345051743,-7.7671770058813605,4.39970970308647,-0.0131502655455684,-5.08352224359056,2.55593155055576,-6.79621953603755,UK
4.87942879572304,-2.7840609351560803,2.08743076435132,9.66752450287964,-7.818005972533059,10.9042787176649,-9.69546581786649,3.60182937932452,0.851031094246239,-4.24802521957888,1.30776794490933,-6.0805624297767995,UK
0.900426412743292,0.783411338537004,0.39917787283889206,9.47739876491286,-5.838887051168211,10.94312462885,-10.5548869341867,1.86314035584106,0.902075223709784,-2.2380081027314,1.08377088619554,-4.95571971269126,UK
4.89986773315162,-4.39597811448003,0.45023748375311895,6.7070679098725305,-6.72603215811301,10.379329667476199,-9.644910266727289,4.25751531920365,-0.7844251625754141,-5.47746123422158,2.21493805076738,-7.412244880552651,UK
3.59321430921872,-4.8719686266160895,4.85976229322137,11.389300714856,-7.5529476396302195,9.313876552835179,-9.762368732774839,3.3229815507544704,-0.651156278070642,-6.12486038923646,-0.40633964957448,-7.067078925140589,UK
-0.415036859483733,-6.03241478947441,3.0890974486609197,3.65878169695858,-6.60559387320412,11.2866380665621,-12.2746476785675,4.609877110591991,-1.25786402137951,-3.03623594100458,1.27044306168957,-4.884416905931049,UK
6.254665646762629,-1.35354474385718,-0.53674035699598,9.00180318555419,-7.616912863866959,12.533470429360499,-8.14233921686553,3.4142261500932802,0.166460447893483,-4.86784805692465,2.83295588015159,-5.0000700863437695,UK
2.45277939414278,-4.405981367739059,0.492645789155788,9.09233685367791,-5.5712730684782805,11.483016528004198,-9.818405149032,3.9770466602732197,0.39921613706082,-5.28836628076057,1.9766151802279197,-3.8734650764377796,UK
4.8802560980305705,-6.5726862252049,2.14721532949661,9.64464715254334,-6.49599120456789,10.6034311376479,-9.646614100614821,1.90916453606374,-0.18676739520042102,-4.0367546099432,3.21464311360861,-5.44538199114756,UK
7.59760951123335,-6.0905433261865305,1.13939480859651,4.066776737777549,-10.1194472685204,10.73707873058,-10.2893556258409,2.7045309647759197,-1.93496963428848,-6.05662060654633,2.09856746189379,-5.41512732255421,UK
4.29657200512767,-0.45879774549352603,-0.0488488049715876,6.0181704496060595,-8.964382020667669,11.6969490739798,-7.793669977307871,4.37499252163564,-1.3907646828278704,-4.3502473847143195,2.2748588320159797,-4.05955103783314,UK
3.7094256324316297,-4.14600254423229,1.03171946310061,8.220115099027849,-6.970878246016821,9.198375362195831,-9.052197058972881,3.3830552304188903,-1.01804841643459,-5.25707029186323,0.764785868116295,-7.7499222458131305,UK
2.4380520938831003,-6.937715068188139,0.684190318964293,8.32818115105623,-5.870123334532879,9.331865690104221,-9.380169829970642,3.4082067684195296,0.785790161755307,-2.3807001320750096,2.32983806165327,-5.33467262355807,UK
3.96474912262604,-2.13090521903079,1.65967660332924,8.81415328739651,-5.255411931892059,11.784360463959201,-9.496757859754881,4.80971634743745,-1.1006927279891499,-3.87814571819696,2.4101769805555002,-6.56862296623546,UK
1.9454266816522199,-3.5407128157842602,2.5398230049475297,6.418167874384941,-5.04378541377087,11.4687043178246,-9.30662216899165,6.010699346781241,0.510748836990794,-1.17317679746697,4.02020425572948,-5.7902782577038,UK
3.8109483730895097,-8.97928306435854,5.73831036796621,5.5175702648115,-6.825629670320571,11.0635472688873,-10.0266284165734,5.14497147521428,-2.09834532599076,-2.06539645305,3.7090788396541696,-8.23571755107962,UK
4.30041268815289,-4.49308635547003,-1.16414608364441,9.914117667669471,-6.9240503553316906,9.73388885856524,-8.3215944893899,3.43936636721133,0.132850428283947,-2.5735912039740096,2.5112562118688597,-5.50015084221087,UK
-0.458483124014833,-0.8117471811219751,-3.0772950149247498,5.90479100590858,-6.85130364578508,8.41782800593857,-8.788095253381599,4.6226537287431695,-0.977713928006512,-2.06965275947144,2.2300936829889904,-5.591354966044579,UK
0.0471636934027981,-5.262340520006941,1.05992179430389,7.63067620719587,-6.023054745610759,9.430772784835,-10.593658509480301,4.900895938685861,-0.7494613997014359,-2.56809547083728,1.30971030173905,-5.941408941452321,UK
-0.6046829017940789,-6.91713486682231,5.04106333578027,9.041541032046052,-6.151565903341591,8.941550267783901,-8.9888714701101,6.99282139250404,0.917499733860951,-3.3623905941736503,0.31168120178987396,-7.100990617053389,UK
4.52049659246464,-3.9515453792826003,0.195947160649411,9.19617796213948,-6.31147791621272,9.144795368903038,-8.804090509754609,4.87973836495463,-1.01050460529106,-2.9769372427606804,3.92742582754112,-7.16814789873904,UK
5.213084668794861,-8.05084210318308,3.1739411829363195,8.0199518973224,-7.033890874475981,10.3474332099606,-11.542084896203999,3.36006804850349,1.26503735736949,-2.3216588397295,0.8217994018871958,-6.95201228009637,UK
-1.0767638019905201,-4.75212293529009,0.666415239314261,7.225036766933499,-5.81989069096875,8.549172874887219,-10.889839895259499,4.95246503891303,0.27943361989325205,-2.33855322636161,1.37110800602114,-5.00248402260252,UK
-2.59575298498915,-2.4667045105871,0.420944975891394,5.33780710288118,-5.5234556677624,9.905345476308131,-10.1243953646375,4.74850155305618,-0.09000010126520801,-1.66329033822873,-0.50025421402075,-5.02941643156563,UK
4.427399598467651,-6.48351554456236,3.95377729515315,10.9684336782242,-6.401292952385369,10.2599226720191,-8.44039513831917,4.30117345248438,-0.178597871303617,-2.87574498500776,1.0062257354154398,-8.86933839292901,UK
4.2119520870297,-9.87872980144568,3.83042028226117,7.723082085799019,-7.35877737362316,9.424072289913061,-10.0135257816416,4.24259361514737,1.5519106767598398,-0.9417381025599499,1.6497263873879702,-5.580435876310401,UK
2.06560323751716,-2.82550363813514,-0.8417360466599441,8.05097378241306,-3.92517987588451,7.8093438136372,-9.71039883498368,7.11928947685617,-0.537987104769329,-9.26621942212284,4.2573404379329105,-0.786078899300474,UK
-1.52918762101351,-2.7891150044833304,-1.092792159446,8.965877151084381,0.6907528254000661,8.43633843448236,-11.7142729153881,6.22230980250813,-1.63481829493507,-6.9874559147837605,4.964214431079241,-3.5898971871618803,UK
2.77358912287713,-3.72987546389321,4.2733866197263195,12.656882309804699,-0.132277306647669,11.318619553443101,-10.5486298229808,8.48102831633603,-0.0178182505579503,-4.42954350223275,2.7793089230347,-7.878189314464719,UK
1.4678424142048299,-1.74484693675284,-2.25064276051516,12.389326388385001,-0.8058816461113142,7.39166395898052,-10.843019322357499,5.40001409497751,-1.1934816284923702,-8.291843620739758,3.3260605909516094,-3.7610100461335,UK
5.3422743079013495,-6.556931139837481,2.9676704247144,14.348732771217302,0.178066312162617,9.968971299981261,-11.458286192635802,7.3107976261526,-0.610539978476407,-9.096620341056731,6.342750192061,-6.09109039817646,UK
1.87259413239344,-0.640211134973261,-2.49233462448113,6.50827807973027,-8.297240454632849,7.46331373092355,-8.75440936527413,6.25066505243809,-0.9253176907924799,-7.18144598873271,3.8103286870208994,0.9107145018685869,UK
-1.79862495587084,-0.749230047500543,-0.9768224939294019,11.370080537878302,-1.1092603374465801,7.73894616840226,-9.91590059266708,4.7048433977188395,-2.7925819397621696,-4.472800085668,4.009651182801891,-3.57740587856099,UK
3.6789688461264105,-3.42704064106335,1.65234865197363,10.4779215571417,-3.51223931784684,9.24400440883958,-11.709611610390901,5.70618594331922,0.48054622545499803,-7.98664976314106,3.46184003922682,-0.897684484747125,UK
3.1810852673911802,-2.8707629405073796,0.40145835531035995,9.29338159960944,-6.21501168664907,6.67700404299997,-9.475557723722961,7.796534377124031,-2.08303925346412,-10.567039122897699,4.98234298189241,-1.56241178506665,UK
4.09074926202942,-1.39508911357191,0.9649129701396559,9.469581685531061,-2.9383600901955895,8.59856883042446,-11.2579149838991,8.92275985238512,-1.05910301670512,-9.36435950067756,6.666935066346741,-4.087327112354529,UK
-6.06783114831591,-0.11229471892082,-2.82516796965417,7.323830634184179,-0.165893623815754,8.00268268524994,-10.834445991276901,6.49717367449732,-4.8208647835781795,-5.696157255124559,4.25817962572322,-2.77091094341177,UK
1.6841776369055301,-1.6536044215394698,-0.46515874606001206,11.9423665151452,1.41121114907141,10.7864822472549,-11.839924331766698,4.70255660098592,0.344964198733701,-8.15171865772357,3.43947364915538,-1.75114491982538,UK
3.9537251719875197,-1.3610761484808898,1.20674335894918,13.9441066678804,-0.068082371169544,9.046642966739391,-9.75424653726215,9.07310878570609,0.33087966924990697,-9.08499944767133,5.513776548349759,-4.7163314403018495,UK
2.23305883601615,-4.20466140593535,-0.904314888286466,6.9886138488848495,-3.9186163064775097,8.64356295196706,-8.452479668399059,7.670504533414871,-3.74303047211082,-10.6197040733655,5.2045640099387995,-2.04451671910658,UK
-0.2174977903985,1.64364072129179,-1.18981777594613,9.45230853945151,-3.7645340103399803,7.070751400543211,-8.43066863092522,9.31934718740234,-2.47541274321275,-10.2975351794708,2.6273253478460203,-1.94515249149173,UK
4.79655223121767,-0.33137577802664503,-1.9926370897601002,8.255901856480829,-7.61888912986487,8.34214383241094,-7.30045766911153,3.41224552701399,-1.17292214255198,-0.8818447873773531,3.7708664446471802,-4.2819248382679,US
0.15977882790278303,-1.3323482661904,2.4505467640268703,7.386980877271099,-4.63016735314853,10.4126788303434,-11.6958760404089,3.4974729553313,0.09610345057860302,-1.98875444964112,0.9897824691012509,-4.62856673780898,US
5.95776942415169,-3.2668499943036697,2.72470870572966,12.4591167704745,-7.91112104883902,8.423608943111018,-9.145672167574,2.3895838155206603,0.13281753695826298,-0.9990434497786741,2.9070670545687203,-5.47655061687937,US
9.99175753768342,-0.33281278669470804,1.40503310382409,10.3509864901985,-11.0193517391945,10.2272976241866,-6.442390373948459,5.233101107114241,-2.4478972240996604,-3.396777004329,4.78300113268959,-5.662301901810861,US
0.82030154836067,-3.26280175884413,4.15658368201637,9.442707225576699,-4.754528865789481,10.007734103393402,-9.91858446236522,4.60087805413682,0.203810747754599,-1.2123072273019,1.28813885510244,-5.08674567977333,US
3.5488714453364403,-0.5098417065041639,3.1527107259913496,8.59820902378288,-8.6592086043835,9.41446409185284,-8.75596876198928,4.64870899549822,1.33622170814558,-2.81360201168713,1.1574004254498302,-5.0712659649263605,US
3.3869376312503903,-3.6248670665095095,2.84474286360443,7.85807026547255,-5.491475108130361,9.556284487041609,-11.206217726157501,3.79709568313842,-0.42572036680356895,-0.377899546781604,4.15888336413868,-5.37213910334629,US
10.9417265201475,0.0714361552531624,-6.186583015647,8.962096804191711,-7.4453599826590295,10.1307887078123,-7.78115642754573,2.6798677431837796,-0.4576365472128379,-0.6445771609689499,3.19974140575955,-5.90077572925665,US
10.9198279894736,1.4396092424683797,-0.87723951278338,7.6496719993026305,-11.488999624066699,10.415980308447802,-5.17598183963635,3.96997105189715,-1.14352685708703,-3.125577092819,4.9589575075674,-6.50946764478338,US
11.769103866057598,0.432273161761597,-1.19330428107897,6.32012983283152,-11.1914784046312,8.961999305630831,-8.16986853974695,5.480721347186919,-0.713785888312538,0.427657040253662,4.84826587441707,-5.9742642187352,US
10.0714842147377,3.5707648040701803,0.123622655379865,7.617806073587951,-11.42510691887,7.936365559601639,-7.467998780780821,6.69905074512953,-0.46923681546059104,-0.146178063472703,2.60433597266237,-8.58975909402576,US
0.250045047416559,-1.55982544597845,1.1009797726019699,7.8421870395605096,-6.543215014246861,8.64589714754744,-11.1208595591606,4.83146153113505,0.0415335079402975,0.0765318405868752,2.9087529622895003,-4.01099418592416,US
6.885858441660889,-6.013772518003499,2.87442650370934,6.30192732432704,-7.782887811717759,8.99144768860529,-12.087139108191199,4.21651516472224,0.407290323011339,-0.9503901174362479,4.872686511014639,-6.666291694923309,US
6.956432039548861,-6.417531136070759,7.463313559038401,8.57278865809781,-6.79896073821924,9.837446480010211,-12.1516947850356,3.32767347415559,0.0620974451159937,-1.52355387602069,5.0129804273611,-6.63531102103966,US
4.14914796857206,-3.91414459865282,1.20907980238169,11.0364052257344,-6.531176765988361,10.980004496078902,-10.9757835870857,1.86484773510869,1.5061652649533102,-1.5060374012423199,-0.145478806476378,-4.57648986399714,US
4.954205754005019,-4.32356530342095,9.12397646297849,9.922291766655981,-7.9137061617098405,9.52745985538652,-10.974533993053699,4.86801485473757,-0.57974683087342,-5.6301144725087,2.3286819658735096,-7.94897118352466,US
5.17824548060294,-5.04940136042776,5.98072110891635,10.5625308854471,-8.000219586560611,10.3405842674488,-11.5307657784219,5.07253049843035,2.29795356796446,-2.36544286127347,4.62224233477695,-5.5390797521033095,US
7.63113739077075,-4.50236961470647,2.2075154797989702,8.70394989196096,-6.727108783823461,12.2457384382937,-12.0988748744484,2.3681792976467,-0.18905592697897503,-0.766763410018207,5.5617972599116206,-7.51029794344319,US
4.10042557036559,-5.95552747564613,4.93080311152469,10.0155081120084,-5.51994296805961,11.8245316696151,-10.739647106203599,3.61434559960651,-0.454633375615064,-4.40875157497594,5.14285736483022,-2.85750356798679,US
6.521513002390809,0.6814143770438871,0.712127793195952,9.12320838669061,-5.6103439784934,12.066303020432,-9.890519938232,6.2400837939160505,-0.8514201189661971,-6.11802125385622,5.0959709007012695,-4.46380000472858,US
3.36289960659481,-5.27976424972309,7.35745132913396,8.326915221667159,-6.11516756505833,10.3279687504053,-10.4340789237125,6.5365606732659005,-0.412717051122182,-4.929815234609049,3.8492048249225803,-4.38408205588276,US
3.15206860302145,-3.4489707617765295,7.4619970405616,11.2097700692486,-7.58099650662925,8.74981123261318,-11.0019228222669,6.495053356829501,-3.0352024014055003,-5.305541664585999,5.35193785992629,-2.7827079819269502,US
4.4113115462189505,-4.159094497739241,3.6273427372604603,4.95975684076226,-6.7326828675918,15.700897780160401,-12.488500863252598,5.40543327670364,1.52020834123981,-3.27303084519563,5.75918665739185,-1.03610820317159,US
5.68299622559639,-2.7486671193627994,3.64096167955244,12.2363089644557,-6.70544652481243,11.9996339819028,-11.5944570989536,4.88136573798388,3.41320563372425,-3.1398974779389306,3.88816863267699,-2.50824534039979,US
3.30174492846529,-2.01482259789232,2.77738810001669,9.457359689995,-6.692003159166731,13.366506807936,-9.18602111274978,4.47740847936158,-0.0455085461763975,-1.4603492613633302,3.56667946545416,-3.1221800524103998,US
4.79905375199559,-6.24527537896258,6.89882495620741,6.10254314423399,-7.05781112121902,14.112247579224698,-11.009447106486,3.1343850134196605,-0.62993306365376,-2.9149728632637997,2.71278148865697,-5.73936187542171,US
3.6271428348126102,-2.12862855896682,3.7616082432314197,10.183370852142,-7.404461120633901,10.500444836441302,-11.750549739684999,5.921767307399599,0.604629904338869,-3.86595654083781,3.8540433895227,-4.15105970122792,US
6.120900306169269,-4.859301245704531,8.13035277881387,12.930175772462599,-7.06904155498023,10.3668710075549,-11.495180223083699,6.84775307988656,-0.679472834991653,-8.262751147398701,3.87176932885083,-6.29746228162969,US
0.91113322364715,-1.55960587858057,5.3128308967939,10.843301913139602,-6.349266451287769,11.693059994321802,-10.462261100791698,6.83984533385959,-0.47456460509329795,-4.58766410637094,2.21445488127485,-5.773565044698759,US
4.5528116988058,-2.7522032670545,1.09851408922288,6.3886190351616206,-6.47989826421723,13.542792906869,-10.1524070955026,8.267103286406309,2.88559942911071,-3.38480646484191,6.30874781096764,-2.51131597652563,US
14.7907895311104,-9.22038306042888,5.906264100378059,12.0081232979846,-7.22283820191046,8.15637107741393,-10.775168214593599,5.459876327868121,2.2506609230212202,-3.14241053049956,3.32253711605644,-13.7241030595952,US
7.68419262941892,-7.162804883101421,2.7204597068920804,7.488471539095809,-8.619517405312259,9.11078863387484,-9.630700162090529,5.5775064936983005,-0.708972942316197,-4.28637556349124,4.0913201934326295,-6.39541955141302,US
9.220340661581169,0.6665972131910041,-0.60590961487952,3.7686396298921903,-10.6827212777444,11.1704173262881,-7.00873550626593,7.7701882532378,-1.87276849271354,-3.4199887608442903,2.90020343830016,-8.46143768709818,US
5.91106022038769,-5.822324368116139,2.6217565478099,6.061832374037861,-6.92923015628262,11.707365799552699,-12.2286759252081,3.9202007543249398,-3.5281760112227403,-6.4580978566282,4.6734520161596205,-6.25498756099854,US
9.55778572181684,-6.16631107307405,1.6113508784248602,5.22831389176258,-10.5518931543438,10.701534633543698,-9.77306050220856,6.77546532861058,-0.54807939420654,-6.0501473077400005,4.08502775863199,-5.539877883437071,US
11.3805126288294,-8.202688626688321,2.02926829930778,4.2543286237291404,-11.062525279566099,9.99448418664496,-11.8335226084951,5.14407882611559,-1.20539144587367,-4.7914980674619505,6.244781331957131,-6.287342899055081,US
5.37406332223291,-5.3751336101505895,3.2244760348428305,10.9751741362084,-8.08057854231357,7.119691083560951,-10.6834274147146,6.28403625669942,1.20634895107775,-3.71994811409873,1.5811476091422298,-6.6319752374271,US
10.7636062260585,-11.5815199746596,7.96772743717891,11.8819217259884,-7.51323860215727,10.8614444492907,-11.764201589711002,5.86297838098121,-0.141378442105767,-5.86871880442743,1.4823036396044498,-11.0290921363362,US
10.835579189177402,-8.5355192024136,4.6957099146735,2.54893600115359,-8.383452732302361,12.024413646029998,-12.7816396189241,10.0786674039311,-1.2324824704386799,-3.62744839253743,5.474346107597901,-8.95758817290641,US
9.06563362603503,-3.8863661406371404,1.05386491910191,9.34558926134559,-7.647566632781321,9.77967379074102,-10.9629931386731,3.9890679869564902,-1.77258339549339,-3.88170719005014,1.5863005158935601,-9.074712797100029,US
10.763969740766099,-4.42807567188221,1.99627685040925,11.183051965810302,-6.87239514342386,8.21124137701185,-9.76249728671154,6.58600748817443,-0.664398626283111,-4.78487204200885,2.86015487272164,-13.020225414577599,US
9.793648087533619,-7.367836074578039,2.7199991859663397,4.70087390591913,-7.121494515061901,10.7888880045545,-12.874407907100899,4.67531383037978,-2.0133910912568402,-3.81528283417454,4.4100634373679695,-9.62056204424052,US
3.24782489687015,-6.09715520446268,5.28736352166149,4.74055772454186,-6.039363994082639,10.837826107510002,-10.1164777007961,6.5926827756507596,0.415956440609551,-2.41889055988164,2.7943201140365397,-6.93641068015602,US
7.02310927598323,-4.12665595326091,1.52636434435252,11.4634552422505,-6.59950144379285,8.824020529267141,-9.90976116037993,5.29549425779558,-0.326733734404805,-3.4477028156170695,3.3174576268250298,-7.80656477999295,US
8.83230972028959,-1.56025000752038,-0.779165145975691,5.79180598170056,-9.747723907168131,10.7412704494371,-7.47530941761165,7.0815523457942,-2.18010594570965,-4.05837657099824,4.30408813957743,-7.82454207727859,US
14.70428316815,-10.264407946202901,2.74153680801063,11.506493013315302,-5.04297702146335,12.1511802281028,-14.2416839109293,1.27579166328955,0.0906140841831864,-5.4734247824929705,3.49002144898597,-8.04196069468889,US
12.570557429893999,-12.0423607081039,1.0694378165610101,8.33989665513893,-8.707852877822981,8.93683053378105,-12.4169897765342,4.021825202433059,2.09853342138137,-3.05176167130175,5.8207400150072095,-4.27289759384513,US
12.7074806029314,-8.66948011738082,2.9412089301682403,13.445923549825,-8.7068755895639,11.071623131865802,-9.32993259890635,0.616475796783956,1.20804000232971,-4.44525660731645,0.153616775004373,-5.3803853850469805,US
14.9338122326337,-3.82726518788441,1.3004642518826899,8.764476105526821,-12.182661981162902,11.1771965735185,-7.61069551690864,2.25269942261984,1.23689696806241,-6.27333317613062,0.288901699275109,-6.15086139420076,US
9.80773455556893,-14.972962416342002,6.478847879311741,2.35827900472832,-10.332005829825901,11.8102058398194,-12.296817640043,0.232075133288077,0.22228272143007896,-4.01095236457286,1.9333650010199401,-4.28819652735795,US
11.456457752377998,-7.67811992935033,0.3795080820223621,3.8934061787656002,-8.20149367254865,13.557368562399,-12.0145268368394,1.4182459159481697,-0.389970325772145,-4.277936943394169,6.01350156413013,-1.84776827611542,US
10.2625102821524,-14.294344347761,3.0201091612234596,8.52262878381593,-10.6272188988659,11.5593373086459,-11.4872501179589,-0.999699262101515,1.69586797227675,-2.70000791888757,2.2076665420133397,-4.0829319583081904,US
14.6168062396808,-8.41743402677588,3.79658045020123,10.884571685797699,-9.830611020758461,12.019495034646999,-10.3829179740611,1.38159594472668,1.6721784146691598,-6.7452442676378,1.82134346604821,-7.72616112577965,US
11.305588930151401,-11.897577335699301,3.3805672460018,2.9538198251408,-10.007519978913301,13.733182173521302,-11.1725696259045,3.15966359898773,-0.45626359554355195,-3.66727720748968,5.023681865957269,-4.70559331748484,US
14.1147260368583,-13.1644073687897,3.75305915896626,8.166042238312,-9.81091590006614,10.5451648916487,-10.5559218079586,1.62041897989997,1.6271202627641397,-5.083871172472981,4.80819785759554,-6.742841351557879,US
8.38854657174017,-12.290029304002399,10.6207557512073,3.5474045001859396,-8.7058114969896,12.033494824677902,-13.4230284803983,3.8895117969124104,2.04975722422647,-6.00471041963029,0.5578509516201811,-5.03883830203322,US
9.129808407356439,-12.4053686233162,3.3257494159326697,7.32363271780483,-9.10975536216776,9.821983775827821,-9.5967630260812,3.2632393133983704,3.3631162361079596,-2.2097210220162,2.21632356574042,-4.72778346150669,US
13.1617147856023,-4.1301869323127995,4.85401433026743,9.06332954527302,-15.1488770174671,8.619403262650652,-7.81727097834927,3.14374669712349,3.5260856527943902,-5.321992090708809,-0.702298958481292,-6.010888531410401,US
8.36202809800629,-11.638567910532501,8.298673927725519,3.06983569918136,-10.6534925330139,11.5384374833582,-12.212941214430002,4.05747156693755,2.9671342142203794,-4.07045711885735,-0.38238897019126794,-4.890731609608,US
11.4213155233618,-12.419917209390302,0.8953735047140879,10.264993106191302,-9.31633780884316,9.79147694235169,-10.0803232096505,2.4424466617041802,3.98078911787767,-2.9599126502065296,2.68248697210416,-5.3531586778915194,US
15.0373249277916,-7.539502820153889,8.28231529096118,-1.12642731917047,4.66908026598266,-0.44288111381946504,-5.0537131864357905,3.77050158007492,-10.8889453894318,16.3264547123051,-8.97167204010379,3.6667608551767303,US
4.8688326426557005,-8.84720904949066,11.773680160032498,-1.4524186492697502,4.2178908622601,2.71129111414307,-4.62595203917778,4.49537686420341,-5.80015222403684,10.1676144482979,-7.6931547403248,3.02816137201618,US
1.09886433451875,-7.45242319246308,17.0664869391695,-7.31483127660604,7.91280912228892,0.3812241799751311,-5.6173931543687905,4.76042161107279,-6.23636660800308,7.89613784199152,-9.27983308576156,2.4461484979207997,US
7.71295133172209,-6.611719759171281,8.70902284811133,-1.73431829937635,0.624851251604131,3.6595380796647996,-4.62216882172402,4.30340712025249,-9.29603161649007,12.1403045629808,-8.00738766617316,2.5304205538461,US
7.110665856893769,-8.220938233738611,14.2744934031813,2.98405975744006,5.64204767165915,2.69233493526392,-3.7673761690475804,5.42917395415352,-8.13598921041752,10.5209150290089,-8.21772268710457,4.27642357880811,US
9.06525585616534,-8.71688518966038,10.098311501528,-2.8143766093389906,1.83093227322716,-3.1621385907877304,-0.424033054812701,4.34038059660387,-15.5109737474822,12.8461299338757,-7.789763651093381,5.25942950029066,US
10.211798176282,-3.9438455631043396,8.62775656129127,-1.81076980917719,6.27292978514309,-2.8321512419801302,-2.243885917309,5.08170536511962,-9.300212342880311,13.630415860052302,-11.528471784123301,3.0768399776401902,US
6.00436400648544,-9.25134506922841,14.312828745504598,-8.84423138178516,6.096830514115419,-2.04283901877193,-4.76932220513883,2.41727620654938,-8.87733355668564,11.5485950177582,-7.74941328897139,4.04349640041177,US
1.38589052208419,-8.40697990224964,12.9446583489691,-7.74164948555447,7.308069345022111,-3.52896385194611,-4.38442175109419,3.09148227382577,-8.624363403849362,11.027600089306299,-7.66035959819375,3.71582128669424,US
7.54976981342129,-4.3746619439520895,11.805655539806398,-0.8957328528910921,6.12293992413882,2.18541652527118,-5.053557617222539,3.9993586077330296,-7.92804628963984,10.466214752871501,-9.02623989178194,1.1666370405736899,US
4.23460728293985,-8.950188300265829,14.472876231565499,-2.53708053593319,5.7531536781320405,1.05426318431771,-4.773471903484441,4.73670535587021,-9.21198685652574,12.5568509025106,-6.74949931838733,0.72787001559239,US
9.32244037948427,-6.613468640641591,15.5459367903722,-0.6920657394166391,1.89424745898848,-1.77404391547292,-3.17917329434197,4.18423644895061,-7.829252244395749,10.8626546409383,-13.664103970652599,3.6278034146997302,US
6.02746773751802,-4.93285051428384,15.6308758052155,-0.741649348122497,5.2987563084256,1.03233801839838,-4.78686945462775,4.52925989046978,-6.49326229729357,10.2758371428826,-11.1212049874515,1.7813945846770098,US
5.2260717798165395,-6.51131362940418,12.657169369270001,-2.5587745914660003,4.43780503023533,1.28377551927539,-3.42002345539185,3.1427262908067597,-8.380774474833661,12.872903655838401,-6.2175800673067405,3.81282822261991,US
4.44242124304021,-5.3588114701792,14.3285855660921,-4.3181711889545795,4.4216737891549505,-0.873497897742786,-2.47964481756152,4.96581879487046,-7.97892161548854,10.285884246728902,-9.334661219116962,2.82647986770227,US
1.9125119142303402,-0.33389575632947,3.1718457504275,0.552984345009674,6.90183490724426,1.85722751317264,-6.92586068288588,10.0734557028212,-5.6804323133826,5.900634118224669,-6.54283524680428,-0.348127011490773,US
2.63068834965413,-4.17340230053898,4.964595598948599,2.06604283883139,5.918202860827909,1.30729193478543,-6.145109284534769,7.913219911017911,-7.54515182627148,8.658533949005951,-4.10524887544258,1.47263400311165,US
-3.39057676862526,-2.4292735378648196,4.178026466287689,-5.01331467192677,4.75348565152773,2.70238690979284,-4.94142184104525,7.410936502992821,-8.134860330764099,6.0921935873918,-1.94670610131841,2.14687841934734,US
-0.7347966302930509,-0.7306185603516651,3.09580498270023,0.89005639333525,4.47983620858748,3.46339272939089,-6.28519377926949,8.06736321269905,-6.9182489005980505,8.2713591402341,-2.30886504471063,-0.20596972925854198,US
0.46183851477834703,-3.55921272483978,3.04680787750494,1.5604651923540902,3.4557168846073596,1.7808583702632401,-7.27771043951337,9.89766354428359,-7.62842355997796,7.53585419508572,-1.4991521619859198,-0.70444142987341,US
2.3294923333028104,-1.6750450486251598,2.99568604304268,-1.0938336126319599,0.9483673709433629,1.99172556886426,-5.951848535125201,10.2214385947394,-9.54456273078285,6.760470298156741,1.27502873628925,1.76840365095052,US
-4.22235861163902,-0.8489433178665909,0.867377870277318,1.4567197533238798,3.0554545981656895,2.6388165811242,-8.61759630365634,7.7234802318809495,-7.16071836011175,5.69550829758751,-3.5989212446145498,0.390674440857379,US
-0.41964308061106,1.99673676086473,0.228772414840542,-1.06741987360568,2.04717993028183,1.92235916229855,-5.937325241476099,6.94528766732764,-9.765117445117179,7.55241391798085,-3.1228094077408906,-1.6472579114243102,US
-3.42846439099987,0.49858577041324603,2.92750001224056,-1.74432660597724,5.412412830098809,4.53394835283521,-7.29003519896613,9.00594979875938,-7.488951144889651,6.6936228211974,0.135648074992301,-1.02995941827747,US
-3.72337670465603,-0.645935550608741,3.07341818037917,6.02838107965843,2.29197961294981,-0.44842188642402203,-7.55669210534983,10.149698863208199,-7.71396099991716,5.2109720104702095,-4.40826909481983,-0.748236926382206,US
-1.86745927735135,-1.07420118158061,3.9298071135929002,-0.39182977039854494,4.0256647005546204,4.29209571327082,-6.19545545483864,8.37967936255596,-6.29597632437184,8.13643260352611,-1.77347458452303,-0.145290597845007,US
1.8761458913254199,-4.79096782926697,7.70608453447785,3.47915791932091,4.455274132533781,2.35221960009643,-7.04089633437866,8.80335218058472,-7.42681330122187,6.982097921824289,-3.7489714163132404,0.229069847766934,US
0.504813366705475,-2.2578103511779304,4.41617049858388,2.73946976891981,3.47295404559201,4.3294277549092595,-6.96527005885241,9.89201664557205,-7.292237798285179,8.07887041849738,-1.34199914144492,-2.14380401734209,US
-3.1771670310526203,-1.12259170349761,2.9181928439949303,-1.49761765036425,1.9056469405109702,3.2965349351553703,-6.240043180093809,9.15553921930759,-6.23048912324419,6.524968654527299,-0.9299613422696321,0.809331509255761,US
-2.2858864015517404,-6.07298522694206,4.0007818816380505,-0.45725095018089895,2.27798123060262,2.2853314652582,-7.506951893456121,10.2439827550744,-6.95933421885495,5.646808619100901,-1.41972290602057,1.6828648932114398,US
12.8185537029402,-8.0137446352627,-0.9736386725384351,14.510765222228901,-4.29599111837789,12.880959773378999,-6.52677970751018,2.0594907206690403,-0.7380200067598911,-4.86030198515887,6.94257115717489,-2.1208717287249197,US
11.290766960621,-5.96204414435572,-0.845848464520204,13.412267611378601,-6.56527240232717,9.04895907185724,-7.53202511637748,2.03417227059872,-1.9985548487109699,-3.46188127256284,5.15726866744018,-2.5662156679551096,US
7.04365289622205,-4.3543836971585606,1.62472368377243,11.0751275259056,-8.160901081573071,9.67003371604359,-5.20494597967345,4.994840158558451,1.16540958110345,-0.670548898932681,4.57402718319644,-2.4589172625691,US
16.3235627613429,-7.22259554227366,0.13704213981365598,12.3169007725478,-7.3514483233235,10.0770414172317,-6.31199999667207,2.3761258983977402,-2.7280812591907697,-7.0885105726757,6.6887165472725,-5.11498358703305,US
9.91971538909264,-9.4962410492891,3.25571224125382,9.26347072675998,-10.7449028685818,8.11194831085262,-7.13974680372206,3.51005102224844,-0.656607060212746,-4.83160270800503,5.7689297267671105,-0.37332439301581205,US
12.1446615673189,-10.0612520015421,-0.6217638469686719,9.740012609061711,-8.20014884870887,9.712621598554831,-10.4270244729376,1.7335975283135,0.00994437342256941,-2.49928464650473,6.4145807872314204,-0.23087549432339602,US
10.581472927239302,-7.7879257947941305,-0.353327937956355,11.1789890183653,-5.704548993448781,12.1013513574311,-8.91253130779005,3.65351138084108,0.00152813404190557,-4.6619446822186505,6.11537866122467,-0.37023762789948,US
13.481442114635401,-12.2846009994783,3.1467062958019,13.4225501773094,-6.193091418578909,8.68971698387887,-8.85646810888626,1.48322577517757,-0.365943195302106,-4.27021857568401,7.80105407634125,-2.8592777921375094,US
12.3936151019528,-1.6293213630649799,1.03043562884427,13.814292041603197,-13.538767355866199,5.81491675274562,-5.05526398810959,5.67810973239112,0.795077887970853,-3.7782778148422795,5.17798960059443,-2.10712115026081,US
17.7498509825029,-1.4440524476106298,-3.78058730285402,13.9177701449688,-9.022864929811039,11.277107603369998,-2.32159910010539,4.5356150121774,-1.41258054612899,-4.49529821991639,7.199019932723299,-5.05958219414894,US
13.870210433549301,-8.63904505488615,2.7509312800217303,14.2818566178371,-6.77412007844288,10.0178688425541,-6.13068604594527,3.5883607257031898,-0.9238783403749721,-5.4983277539863495,6.26038044686593,-2.78118153577402,US
14.478030108982,-8.22803727219746,-1.10526297452251,14.717062181544199,-7.9011456900256904,8.72628002648305,-5.02235285272888,3.48216743985846,1.3453242042144098,-4.19689340080231,7.34045510615555,-2.28623811669489,US
11.8853469321981,-6.60993666217806,-1.6445348316030701,15.1275782625507,-5.31516996555885,9.22128462933891,-8.42126075282853,1.5711574082540403,0.6413656064348521,-3.27140846232549,7.05125147614777,-3.2506867029750497,US
13.465708514152501,-9.04138149975853,0.561668324026461,9.67392949395298,-9.14877446877859,10.4324569617379,-6.81089965854949,4.22447989272766,0.5848945491475279,-2.9779181228701495,6.738314069551481,-2.50852224714186,US
12.068350924416402,-6.01287150138111,0.8191223968353559,13.321425812530698,-6.12678817443053,10.1573689777521,-5.954846543993581,2.45572034007821,-1.6427292463544398,-4.68192902917244,6.62157690071553,-3.48214805532063,US
6.793244314938611,-9.525614204401052,2.8661546475229,9.55337159874317,-7.350891180959411,9.678304327474029,-12.865966161670102,2.1281092686203302,1.81023640775915,-3.3425387522848906,6.94625318033971,-2.8017499183386296,US
3.6819242162490498,-0.28061908870277597,-1.41768876263823,5.97527971201051,-6.94681079455896,11.7041585766046,-8.41753907929585,5.17860129574638,1.74778371199959,-1.51208345107407,4.12674143624193,-0.334009987792899,US
6.4639557312567195,-1.12413058272929,-1.28280189288176,7.71652327211121,-9.225391535007061,11.5110859194109,-8.14128057444521,6.4336292971427,3.44931755915052,-3.4995756016322406,5.721728561491769,-1.96741094590244,US
3.3612910322968705,-6.51576393569015,4.054172148278259,4.79237517756905,-9.60057974885435,11.4326638181984,-8.6041602189194,4.33734529059859,-0.754791535501624,-4.43978042038554,5.11717866474632,0.23622635737915298,US
0.939942950180246,-2.02531639069375,0.09383563804739399,5.68980824594167,-6.98275986666975,11.127777989145601,-10.9089567524067,6.09133070278128,1.19696869074102,-4.56374028328637,3.91680516415416,-2.11356244015965,US
2.89426485415394,-2.64964225999802,2.20824666819442,5.282577461589259,-7.4979737555125,11.8019157492656,-9.90151629417311,3.63256529207097,-0.473799954245036,-1.8328366804081597,5.048368894317861,-3.71776548302315,US
-0.267737948835982,-1.0786528524237902,-0.878467004457204,7.60987826175946,-4.43430915692393,10.8364587642273,-10.233689126365801,5.11668695337786,1.7213528184684899,-3.0456586139036204,4.050755959721241,0.564468495035564,US
4.0980870613304505,-4.98687773330101,-2.03475247167554,7.4849549419416705,-5.910775531665079,11.707677553794902,-11.599738821779999,2.18790083678962,2.01287031608779,-2.44459698151453,5.0740479599613,-1.2930220728038002,US
6.54443874260024,-6.64634996835675,1.86813675214645,8.93597078143268,-5.10839164639224,10.823322378030902,-13.5254667342786,4.3834569600052795,0.9908763878614691,-5.25570154414617,5.23853238780658,-1.45435675743646,US
-0.130877886130751,-5.11988397823119,2.70003130527619,3.9908485030435097,-6.986450212758089,12.118010429707,-8.96099293045283,5.990440469319361,-1.5870423606027901,-1.7888884475284499,6.12770559226969,0.0973436656340684,US
2.8069151547463,-3.63932692711645,-0.80701323129493,5.22141273302745,-6.0734715168559195,11.795792645041999,-9.62209840375967,4.3366531510621105,-0.609084895722357,-2.7918670210795598,6.74955185583838,-2.5070103229618304,US
6.151773481392991,-5.76996577120897,0.478573338289462,8.65046865218122,-7.30046845397516,10.2643138720265,-10.8113110546826,1.8423151047392,0.26479039125079,-2.79669472151012,7.087952969827139,-0.6796580623337459,US
3.7376004104152103,-4.235070527551279,3.00500557698179,12.644345008726098,-4.022658524987991,10.3886449599669,-11.4427651026596,7.08786669252179,4.08664045712355,-5.4528763597291,4.11611762029253,-2.8847255394422002,US
5.96264195607625,-3.2882013695323904,0.4811167463931721,9.509572777421,-3.7579006622935496,11.446210602402802,-11.874285233921098,4.68961009664517,2.4938801161225297,-5.10076133639027,4.636732400301269,-3.39369510674085,US
-2.3481225079217998,-5.41724325818133,1.10274899834942,6.57241313362326,-4.182181182729,10.103582931539199,-11.460042094019801,6.12317552629988,-0.15255150122440198,-3.32314710265158,4.50938455079487,-1.18073787298093,US
15.3813901036326,-6.81680223772788,2.7948320988534703,11.076270472985001,-4.63738895052267,17.316366734532,-8.748529736244981,-0.0514565274863659,0.546350427668466,-5.40593998763433,1.7400867323535902,-6.34836554829662,US
12.1509755221351,-10.3496381260691,3.8548617685882998,11.8929125605354,-3.89372341646575,17.8932130554864,-11.5719440414712,0.26238191793993104,0.6520219054995451,-5.2811579822582,3.58232491975173,-4.19639952983808,US
12.8806646642782,-9.219351776048688,7.379437428101681,8.281754959986,-4.07206198199009,21.4458368708623,-9.56786349829472,-0.308986396203889,0.274296904652453,-7.207195540921131,2.82958619570355,-7.29105894337754,US
15.103069386551098,-7.412873122926589,4.02892732707093,11.1990476799983,-2.83980011184979,18.490617867675198,-15.365665295950501,-1.08767687576083,4.43006402786913,-3.18309988586173,0.19834872874007398,-11.073320078197598,US
16.6658745211901,-4.761444040338691,0.0348789140029754,8.79105878085543,-8.973375915819119,15.5253854712874,-8.90844033848441,0.0800245719940993,2.06516953805079,-4.91303224076726,0.17728952519942998,-7.32499413925536,US
15.897578373720801,-4.48663118807706,2.19819860302895,9.08915479288073,-12.707175730651901,12.861696937434402,-10.756808462127099,-0.0365176625452146,4.041681034639931,-5.68387440351468,1.73029017223442,-3.89350794435238,US
14.9107845020139,-3.8989097442351697,0.6316591490149821,10.9259725787165,-6.84070392526973,12.941337643789801,-10.7777418437308,2.93748646380946,2.33092414045535,-7.24927793973296,-1.42411063280433,-6.15461039022789,US
16.9711611690923,-2.61883624650298,4.123896247300681,11.806326267645302,-15.656596338693399,9.124604288790788,-8.593480293056,2.87470017482268,3.30381834198902,-5.9923929807918,-2.60623072666938,-4.67010047661092,US
11.7932390992487,-8.06064808145692,6.41978708001686,10.369217540426,-6.00219037759738,16.5628281197508,-6.99593237681183,3.7539017941717296,-0.6054340503158011,-6.807128635508961,-0.80305625089571,-7.734698725575889,US
15.9707702348531,-3.57546650014256,5.972210332751009,10.5236210308156,-14.6375594273968,11.3369888776437,-7.00916706177695,2.9345387384534,4.789988851224599,-5.657656793413451,-2.58746959920497,-4.3743335820758995,US
13.1266647618355,-1.17202607794868,0.127094403729723,11.916704306785,-6.17478800545722,17.247345444931298,-6.47118179146592,1.51460366002242,3.0313493044008197,-2.82615979742756,1.2649510142422,-7.10050150318757,US
14.964859146125299,-5.82817115890021,5.32921287828708,12.83360621457,-6.004664685927531,18.7040464533722,-10.2939390730016,-1.1946603923072199,3.2621511740102798,-6.75251737389285,-2.92803243643413,-9.942209308388161,US
13.2538366045115,-2.46580275630712,5.95247060787673,6.52735005250634,-8.0198563238723,16.387968319679597,-10.1890809192266,-0.20295098377200899,3.7533654604633497,-0.486059068979134,-0.382393426295726,-6.74227157233252,US
14.1504955506428,-6.11114916658379,2.57249817767298,6.8680331675715,-9.94852374031981,15.248840620664199,-9.482123375007982,-0.0522711433707324,1.7811026667763898,-3.8110212554749197,1.6191179768876398,-3.6374559269353197,US
12.7525367710535,-6.343325134436151,3.33892409927127,5.8389768901339005,-9.32572621103358,18.7775472341117,-9.383717082948971,-2.87386243363625,1.84217868809493,-2.3857396258592205,0.6611389686449859,-3.30641688986293,US
8.68947495540218,-6.863668403069741,-0.7833963353724721,8.68574734503409,-8.130607117542949,8.851329289747401,-9.931360939044609,3.00916147064975,0.306991447020716,-4.79581371089583,5.040169704152901,-1.85231833737544,US
4.47224587442487,0.324076473708442,0.612693276194562,8.097390255395071,-9.313360902361561,9.822207841824198,-8.02768425917035,5.2418755835995,-0.452850281035183,-2.9648446078687902,4.93494878831913,-3.30612321573106,US
2.71655085465917,1.9246905751210202,-0.8238193500297379,7.0538325840326,-8.09560067423363,9.1301855609756,-8.61847903228658,6.624026241539741,-0.3584587505202229,-3.00265488965959,3.00822354505756,-2.97127687567607,US
5.0775638189466505,-5.48213299135962,0.312714199868226,9.66278756110349,-6.881830151925111,10.8502477726533,-8.66400379526519,3.95459486549007,1.61204613946123,-3.16634855325387,3.55552637820057,-0.25075882001463895,US
6.636765031071239,-6.54470153375135,-0.7516256506264151,10.8086121146622,-6.316876846628981,11.5889952056847,-9.468271940433368,4.5352019948409,1.36515266884545,-2.92947758197504,4.20929817392309,0.484816746056258,US
5.58483058026263,-4.22097798770463,0.31985886210945896,11.3373415252599,-5.6414018162975,11.263264580848501,-9.859561662549538,2.5123287147887297,-0.47852633298216,-0.9318079796388079,3.92774719144733,-6.95357090460147,US
6.79529869228841,-6.0251558002182195,1.90229699729011,8.4498158866178,-7.50944425232638,12.4266478821683,-8.44143402172098,3.2205054339017796,1.4912679814313798,-4.45765509074761,2.18134321768998,-1.6694518550616597,US
6.321730829525349,-6.22594569059822,-0.0401044681296975,9.00613216068055,-5.85615343695193,10.6998142465064,-10.061555072343301,3.5944379526233305,1.9089558271200502,-4.18480705285057,3.4130269408240497,-1.22793071795861,US
7.0704198449808295,-4.25251233807011,-0.8480993245064979,8.59541792164764,-7.98597535541484,8.65267549754761,-9.53236463895097,3.9385946884703795,0.245512617746405,-1.9677594119550401,2.93403354886869,-4.8069933599334105,US
7.8831041084624305,-5.7337503865034005,-1.92930906407556,10.5339459248826,-6.802570472236299,9.464656693599279,-11.139603108622902,2.9542578113277997,3.88209622914179,-2.1968711534646896,3.55197592163546,-2.49331216838604,US
9.530157567168391,-4.8976136171499505,-3.15007567431219,7.8046802037047005,-7.48234665234719,12.0578837618828,-8.69894257246162,0.883058807797751,0.839150411501934,-3.66677154634054,5.65790295265139,-1.7705371778212198,US
3.80136498230992,-5.4949632909148205,1.6300000747016798,9.93005383422272,-6.18909862545295,12.1386147781129,-9.32371566998209,3.84707328965446,0.779992696376495,-3.52983384533872,2.27955266798511,-2.51933083164917,US
4.833420391013981,-7.23630608035226,3.5273711036000606,8.18543010366143,-6.58258818819786,12.4193595243165,-9.918684969275269,3.35032707585831,-0.503265427234453,-3.2068866805312206,4.302778814080201,-2.80422432245799,US
0.563812192821832,-3.28083443053576,1.98995485101998,6.17479528164831,-7.298775094636491,11.1979424742276,-8.34023619843086,4.35687049513245,-0.35625223883793705,-1.1647011366803501,3.54012438738797,-2.5014483105076297,US
8.069892066271349,-2.8082659580691702,-2.76556739680394,8.53139876451733,-7.5216432938341296,9.43072031724498,-8.17227458062795,4.4775595551807195,1.79154120888964,-3.9223452046814704,3.44059473925083,-2.0144235947995,US
-2.76571765006445,-5.550450925308219,4.3919769339893,-0.904437719039433,3.74290192970809,4.97076361384709,-5.68366282045024,9.759021263800529,-15.0491847668895,8.05272719217083,1.67508976346726,-4.80736397100035,US
1.2321308528246202,-7.88085344889505,4.71139260761083,2.74839470137496,1.91938111450457,4.20141604468031,-8.15390074300076,13.3606285952874,-8.51698000123454,6.11696661693387,0.665395451641652,-2.75725063945858,US
0.0408546017487081,0.31681827073261304,0.250999236724144,3.47223249459729,5.735025561227309,7.7473571246932105,-8.6898626299503,9.950113594654539,-9.6682560398942,8.32759352563879,1.04888949688848,-4.54865351195188,US
0.45884741215279795,-0.625223469526072,5.49635243692405,2.7025509946252697,4.726560389559481,5.724105382130751,-5.98208002621647,12.0621983896649,-11.0281147248784,9.934408290894439,0.798224093984782,-5.117655128438099,US
3.3642046176086198,-2.51914017283737,6.1688712034371305,-2.3949368331733103,1.2031168583009098,8.14491998687317,-6.892177897063349,12.6471647688072,-10.746629200771899,4.97546100515079,0.35725253303862,-2.41996874128204,US
-4.03682126095596,-5.016739051158781,3.4823311214992403,0.0619463716997427,2.80344721231277,5.90915964904749,-6.656032288491019,10.4267597124153,-8.5275011124324,7.81361301504805,-0.7459752484372671,-1.64669747961661,US
-1.68172947857307,-0.506247338538688,2.13551590673985,3.32399504440858,1.0801338873707198,5.5172132900277004,-6.737506723665559,11.604854213692901,-8.73031468540918,6.71524985981729,0.13877087367903898,-2.1595130030781298,US
3.1184925474959098,-5.86038898192988,5.609536235690101,-0.9856673607419029,4.47427296915176,6.93905368818667,-6.61570020970503,10.884767606345699,-13.160368059163401,7.9655347806897305,-0.49215098208287106,-3.7107121885861405,US
2.5424444846367797,-6.65370519041484,7.42764596037508,4.5875805659589295,7.471645785105309,3.9518508112863397,-5.51646915994523,13.846082757232999,-14.8429251448454,9.29223612851025,0.00208859855080287,-7.054687655182629,US
-2.11273314870991,-0.0389446095932788,1.1738958343223602,1.26363183437226,4.8173482569305,7.84045868441155,-5.706838232240719,12.2857207235477,-11.6320695904984,5.82879047129859,1.64391990875272,-4.6575711339182995,US
-0.525272501397545,-3.86833795964549,3.5483037793778505,1.4962490335143401,3.4907532752582697,5.84988668876333,-7.7470268639001905,9.73883607660664,-11.754543412857402,7.12990931500118,0.20994678885260198,-1.94691425635245,US
-2.09400126626683,-1.07311292695048,1.2173974667674599,-0.5507900652373922,2.66654716707269,7.449941759905929,-6.41806429912599,10.907097819567499,-11.134322630290502,6.72837313379991,2.46144587783167,-0.0261134281177345,US
2.11690918546673,-4.4414819261998,5.3503923645856695,3.6753955432657497,2.7158761438352697,3.68267037867792,-4.50085010612999,11.7985645325279,-12.0310053243866,7.566142088585321,-0.606009984842245,-2.2451286649273,US
0.299616392371127,0.324844098844411,3.2999188274533098,2.04403977163098,3.6348277291237996,6.693839824961651,-5.6762242549623,12.0005178873115,-11.912901424851599,4.66440567684968,1.1977893933426298,-2.2302750792535,US
3.21425429686269,-3.13515222291267,1.12269127562635,4.71244398685329,5.926517614734171,6.91556578025665,-5.7997265207049,10.8585320218123,-11.6598446940381,10.6057341216344,0.34948209934206703,-5.98328089332197,US
